{
    "mtx": [
        [
            3063.894803087576,
            0.0,
            448.9224830647149
        ],
        [
            0.0,
            2604.697840954291,
            988.3923029245163
        ],
        [
            0.0,
            0.0,
            1.0
        ]
    ],
    "dist": [
        [
            -2.348290496607099,
            4.3826225970761605,
            -0.18277748843460256,
            0.030430158578043043,
            -7.934750868203259
        ]
    ]
}